{
    "least_maguchi": 6800,
    "frame": [
        [
            -39902.7596123089,
            -21231.6354329471
        ],
        [
            -16512.3573276753,
            -18964.6813169972
        ],
        [
            -14714.617057897,
            -16781.076516939
        ],
        [
            -18760.5782182327,
            27691.4185697456
        ],
        [
            -27544.7596123089,
            24983.3645670529
        ],
        [
            -29352.7596123089,
            21330.3645670529
        ],
        [
            -25055.7596123089,
            4949.36456705286
        ],
        [
            -26027.7596123089,
            1935.36456705287
        ],
        [
            -41327.7596123089,
            -19277.6354329471
        ],
        [
            -39902.7596123089,
            -21231.6354329471
        ]
    ]
}