{
    "least_maguchi": 6800,
    "frame": [
        [
            -90984.2577738658,
            21250.5480255399
        ],
        [
            -90995.1218173337,
            -20933.3197822926
        ],
        [
            -87390.8484743573,
            -24398.7510208414
        ],
        [
            -69597.4619220232,
            -23688.3533281262
        ],
        [
            -66133.2128935894,
            -20082.9436885913
        ],
        [
            -66134.171796393,
            17849.7297147183
        ],
        [
            -69379.129260138,
            21653.7080346467
        ],
        [
            -87180.2794537891,
            24495.5054891724
        ],
        [
            -90984.2577738658,
            21250.5480255399
        ]
    ]
}