{
    "road_width": 4000,
    "min_maguchi": 7000,
    "max_maguchi": 8000,
    "target_min_area": 100000000,
    "target_max_area": 120000000,
    "road_edge_point_list": [
        [
            -90984.2577738658,
            21250.5480255399
        ],
        [
            -90995.1218173337,
            -20933.3197822926
        ],
        [
            -66133.2128935894,
            -20082.9436885913
        ],
        [
            -66134.171796393,
            17849.7297147183
        ]
    ]
}