{
    "least_maguchi": 6800,
    "frame": [
        [
            -40505.6560883018,
            -2442.79416456709
        ],
        [
            26933.4249170163,
            -2392.40406161637
        ],
        [
            32238.031706408,
            593.619349131622
        ],
        [
            36670.6060594647,
            16142.2361109926
        ],
        [
            33932.0615737343,
            20129.8203754792
        ],
        [
            -40496.8595011236,
            19256.2733412202
        ],
        [
            -40505.6560883018,
            -2442.79416456709
        ]
    ]
}