{
    "least_maguti": 6800,
    "frame": [
        [
            0.0,
            4000000000.0
        ],
        [
            7499967341.81175,
            4000000000.0
        ],
        [
            8491943096.25971,
            6000000000.0
        ],
        [
            0.0,
            6000000000.0
        ],
        [
            0.0,
            4000000000.0
        ]
    ]
}