{
  "least_maguchi": 6800,
  "frame": [
    [-40505.6560883018, -2442.79416456709],
    [26933.4249170163, -2392.40406161637],
    [32238.0317064087, 593.619349133633],
    [36885.1994329227, 16309.7906156411],
    [34262.8515141222, 19199.8914568925],
    [-40496.8595011236, 19256.2733412202],
    [-40505.6560883018, -2442.79416456709]
  ]
}
