{
    "road_width": 4000,
    "target_min_area": 100000000,
    "target_max_area": 120000000,
    "road_edge_point_list": [
        [
            -40505.6560883018,
            -2442.79416456709
        ],
        [
            26933.4249170163,
            -2392.40406161637
        ]
    ]
}