{
  "road_width": 4000,
  "min_maguchi": 7100.0,
  "max_maguchi": 7800.0,
  "target_min_area": 100000000,
  "target_max_area": 120000000,
  "road_edge_point_list": [
    [-40505.6560883018, -2442.79416456709],
    [26933.4249170163, -2392.40406161637],
    [34262.8515141222, 19199.8914568925],
    [-40496.8595011236, 19256.2733412202]
  ]
}
