{
    "road_width": 4000,
    "min_maguchi": 7000,
    "max_maguchi": 8000,
    "target_min_area": 90000000,
    "target_max_area": 105000000,
    "road_edge_point_list": [
        [
            -39902.7596123089,
            -21231.6354329471
        ],
        [
            -16512.3573276753,
            -18964.6813169972
        ],
        [
            -14714.617057897,
            -16781.076516939
        ],
        [
            -18760.5782182327,
            27691.4185697456
        ]
    ]
}